pupil,pupi.,05/01/2021 11:12:19
same,smae,05/01/2021 11:12:19
die,diea,05/01/2021 11:12:19
remember,rememver,05/01/2021 11:12:19
lose,ose,05/01/2021 11:12:19
six,sicx,05/01/2021 13:36:16
tonight,tonigh,05/01/2021 13:38:53
month,mont,05/01/2021 13:38:53
ever,every,05/01/2021 13:41:33
such,su,05/01/2021 13:43:04
no,so,05/01/2021 18:41:32
hair,hari,05/01/2021 18:44:09
thin,tin,05/01/2021 20:20:16
money,monek,05/01/2021 20:20:16
direction,directin,05/01/2021 21:16:24
remember,rememver,05/01/2021 21:16:24
sit,site,06/01/2021 09:04:12
country,contry,06/01/2021 09:04:12
card,car,06/01/2021 22:58:17
pig,pi,06/01/2021 22:58:17
same,smae,07/01/2021 11:02:24
draw,dreaw,07/01/2021 11:02:24
tea,teal,07/01/2021 11:03:27
on,o,07/01/2021 11:04:37
earn,earh,07/01/2021 11:04:37
power,powwer,07/01/2021 11:08:48
number,member,07/01/2021 11:08:48
mix,mi,07/01/2021 11:09:55
clothes,clother,07/01/2021 11:37:38
town,ton,07/01/2021 11:39:16
central,centra,07/01/2021 11:39:16
front,fron,07/01/2021 13:47:06
grandfather,granfather,07/01/2021 13:47:06
ever,over,07/01/2021 19:08:52
neck,next,07/01/2021 19:10:23
extremely,extremley,07/01/2021 19:10:23
best,brest,07/01/2021 19:10:23
